id,address,public_key,from_state_version
1,rv1qwrrnhzfu99fg3yqgk3ut9vev2pdssv7hxhff80msjmmcj968487uc0c0nc,\x038639dc49e14a94448045a3c595996282d8419eb9ae949dfb84b7bc48ba3d4fee,1
2,rv1qt3t0tezvfqdyjzkyepmjh3rvp5mu3lfa824rq6kl3j2xlh9ptkq504xyuq,\x02e2b7af226240d248562643b95e236069be47e9e9d5518356fc64a37ee50aec0a,1
3,rv1qwp64k6s05kcl0c86cumezyeh4twzy7eduwz4enf35udhfhfvelkseawyu2,\x0383aadb507d2d8fbf07d639bc8899bd56e113d96f1c2ae6698d38dba6e9667f68,1
4,rv1qfhdl4zcu3tntaa9dpa4gmndcggrw9a97ee485sswstzxx9w7qsrqvp8j2n,\x026edfd458e45735f7a5687b546e6dc2103717a5f67353d21074162318aef02030,1
5,rv1qfyk8r20jpwxjmzkvkkxu247vmffr4dl3vkqj9gsmcpp5f6mxpgxcscwj6m,\x0249638d4f905c696c5665ac6e2abe66d291d5bf8b2c091510de021a275b30506c,1
6,rv1qt22v09sl9ptdujtz8tz3g3dc4m93439jyq6jf2jwf5ea668r2ycvyuv7z5,\x02d4a63cb0f942b6f24b11d628a22dc57658d6259101a9255272699eeb471a8986,1
7,rv1qgxn3eeldj33kd98ha6wkjgk4k77z6xm0dv7mwnrkefknjcqsvhuu30c6hh,\x020d38e73f6ca31b34a7bf74eb4916adbde168db7b59edba63b65369cb00832fce,1
8,rv1qt2zy2cuf3ssx25zspkzg29qzlwf3tcdhud3908y8x5veytgv4ykwh9w0ty,\x02d4222b1c4c61032a82806c2428a017dc98af0dbf1b12bce439a8cc9168654967,1
9,rv1qdakpg9s90sha6z9q7rug43ucdyc82aqw6hlxcfr2t8rrse589se26mf90m,\x037b60a0b02be17ee8450787c4563cc34983aba076aff3612352ce31c334396195,1
10,rv1q0k9hxla6phcamc7laxa0juawg9t9vtspx6ux2s0nal07x8uk5ylzye7lhd,\x03ec5b9bfdd06f8eef1eff4dd7cb9d720ab2b17009b5c32a0f9f7eff18fcb509f1,1
11,rv1qgzea7fs4f9jxj3s55uw98tsvujzef6uuwjxptea4zya2yywkgcm2m772ts,\x02059ef930aa4b234a30a538e29d7067242ca75ce3a460af3da889d5108eb231b5,1
12,rv1q25v040ejdlwxy5lu4688la66w8l0kqh383psyaadqp58jmsz75wgqgk0j3,\x02a8c7d5f9937ee3129fe57473ffbad38ff7d81789e21813bd680343cb7017a8e4,1
13,rv1qf2x63qx4jdaxj83kkw2yytehvvmu6r2xll5gcp6c9rancmrfsgfwttnczx,\x02546d4406ac9bd348f1b59ca21179bb19be686a37ff44603ac147d9e3634c1097,1
14,rv1q29j87g5s05vf8l7ele9543r6n4sda0kj548jnncx6jqscrl40vw6m3s805,\x028b23f91483e8c49ffecff25a5623d4eb06f5f6952a794e7836a408607fabd8ed,1
15,rv1qgdue83wgezwrdsn2ngqnqpa74euykulngsqxernzkzcspkpula4kle75q6,\x021bcc9e2e4644e1b61354d009803df573c25b9f9a2003647315858806c1e7fb5b,1
16,rv1q0c0frnkguvsynghlw84f82nfh82mpr6d2fxamlcn4pcpz8zsgcrcquhlk3,\x03f0f48e764719024d17fb8f549d534dcead847a6a926eeff89d438088e282303c,1
17,rv1qgvahu9vl6fslx8m6stdherjkvztqxm60fhmctjl0ueqfhledd5ds8pnyty,\x0219dbf0acfe930f98fbd416dbe472b304b01b7a7a6fbc2e5f7f3204dff96b68d8,1
18,rv1qft2plmngnkn6f2xp2zcl944twzyylh4s50aa2q2n6wh37gnqtfwyz9as5w,\x0256a0ff7344ed3d25460a858f96b55b84427ef5851fdea80a9e9d78f91302d2e2,1
19,rv1q0gnmwv0fmcp7ecq0znff7yzrt7ggwrp47sa9pssgyvrnl75tvxmvke8uxe,\x03d13db98f4ef01f670078a694f8821afc843861afa1d28610411839ffd45b0db6,1
20,rv1q0zdrxc7u6e296yjptd4yqdl3m9g5nk4zk97ta46rt2fuye05y38vcqdxul,\x03c4d19b1ee6b2a2e8920adb5201bf8eca8a4ed5158be5f6ba1ad49e132fa12276,1
21,rv1qdpavrvzvrsljlh7u7mxg3zqszcya9yrpxk9d77grhtm4cxgwhlh69a2hkm,\x0343d60d8260e1f97efee7b664444080b04e948309ac56fbc81dd7bae0c875ff7d,1
22,rv1qwxf0ytqa8damm3vr2jgq04nejev043xy509q0vkrhdhchs7n79fvewxsvv,\x038c979160e9dbddee2c1aa4803eb3ccb2c7d626251e503d961ddb7c5e1e9f8a96,1
23,rv1q0fnnp2ncmtkyyz4fz6q69x3hpnu95r8jndzh6zyxh0kr98v8t5fw6w4gj3,\x03d3398553c6d762105548b40d14d1b867c2d06794da2be84435df6194ec3ae897,1
24,rv1qgcw6z26qr3mslfjkz82s7qtmgqnugq9amsnl8jwqzxhtrax4mqk7qsl6vu,\x0230ed095a00e3b87d32b08ea8780bda013e2005eee13f9e4e008d758fa6aec16f,1
25,rv1qwjrhq54hu423wgclejtx6f0p7hqegkclwywahz5vvmyy3kq2lgvsxnp72q,\x03a43b8295bf2aa8b918fe64b3692f0fae0ca2d8fb88eedc5463364246c057d0c8,639123
26,rv1q0xq9jg3vcuvelflpdvkcvzvgtsd6k0tprf5u734nnl4xq06hecajc40rqw,\x03cc02c9116638ccfd3f0b596c304c42e0dd59eb08d34e7a359cff5301fabe71d9,643508
27,rv1q0m9329x6tywt3kggatrtr8ut8qvxqw9lsfw2w8phrvvv2qydw9xsk88slq,\x03f658a8a6d2c8e5c6c84756358cfc59c0c301c5fc12e538e1b8d8c628046b8a68,645129
28,rv1qgwe54jh0uwxgu6828npufjjg3myjr3hfsgxmpzwdxptkx3c93jq58esvew,\x021d9a56577f1c64734751e61e26524476490e374c106d844e6982bb1a382c640a,645604
29,rv1qdxg4r7ulqustdus02k8egkenfwknlvxs4hm2ynemp5knzykgwh2xfa53at,\x034c8a8fdcf83905b7907aac7ca2d99a5d69fd86856fb51279d86969889643aea3,648244
30,rv1q0v80rfgsldx3zksfzurumdf5g3us8xa9sykf3fdevtrr557lgrmjv2cft5,\x03d8778d2887da688ad048b83e6da9a223c81cdd2c0964c52dcb1631d29efa07b9,649643
31,rv1qd0060jej9x0upkp6fdrednv8ct2yvdf2ydxm5a9t9ea63tp09c6u0ev6t8,\x035efd3e59914cfe06c1d25a3cb66c3e16a231a9511a6dd3a55973dd45617971ae,650084
32,rv1q0mpkxs7a6wdjpxt99f54u4ar0zy7d2tf3h4mll4ve72qc2c5ffs5ftptfy,\x03f61b1a1eee9cd904cb29534af2bd1bc44f354b4c6f5dfff5667ca06158a2530a,650554
33,rv1qgaftlzpdxaacv3jmf0x9vlys3ap0mngfea8gsedph4ckaya0gqe6h9mv6f,\x023a95fc4169bbdc3232da5e62b3e4847a17ee684e7a74432d0deb8b749d7a019d,650817
34,rv1qf53n265drur37lkqcun5sa8j0h0aqpvpuxh3r2nz7xzdskvwcy9zkpyh42,\x026919ab5468f838fbf606393a43a793eefe802c0f0d788d53178c26c2cc760851,651630
35,rv1qw6m5nrwnjx2estgkv8zsvp77es6yea0p99zkregud6dqad8q5wg7yvr4na,\x03b5ba4c6e9c8cacc168b30e28303ef661a267af094a2b0f28e374d075a7051c8f,656340
36,rv1qtvtjcncej4ppavpftld7r8fjjujufcygfypssg8kc09qhyjxr09vpdchjy,\x02d8b96278ccaa10f5814afedf0ce994b92e27044248184107b61e505c9230de56,662128
37,rv1qfjqequ27v2x8nsa5zcumrffkjf0fg8wh7344h7usqa6rdkr2aqtk4daacw,\x02640c838af31463ce1da0b1cd8d29b492f4a0eebfa35adfdc803ba1b6c35740bb,666257
38,rv1qdzgjh98d4mexymc492eq82zwmspmh9mlz4wqgswta4jcaw0nnwuj53mj5w,\x0344895ca76d77931378a955901d4276e01ddcbbf8aae0220e5f6b2c75cf9cddc9,668730
39,rv1q07znr6z3a4ezuv83qjt29tjp6pnrmrsm6x8mgx4hhgj8zagwyz7v4crd6d,\x03fc298f428f6b9171878824b515720e8331ec70de8c7da0d5bdd1238ba87105e6,677734
40,rv1qdawnqw6l9dmsx287gvw3nl7tndx8agh9e0hmw24zdxnpdfp267exk8ljwu,\x037ae981daf95bb81947f218e8cffe5cda63f5172e5f7db955134d30b52156bd93,678239
41,rv1qg0qqwmjun43knkyyhh5kavhljy6ml5ap5hnzr2ahqwyt7n0rqq56pehq5n,\x021e003b72e4eb1b4ec425ef4b7597fc89adfe9d0d2f310d5db81c45fa6f18014d,680615
42,rv1qggt5w4g800k5w3du63g0j86u8ayaqkzdgyxfkw3uc93826zxef22gjr64m,\x0210ba3aa83bdf6a3a2de6a287c8fae1fa4e82c26a0864d9d1e60b13ab423652a5,681457
43,rv1qgu4ul72hrmwrnzlf2mazckgu8dlqphhe63d3ec64qzdt3a5djwd7t5hy6t,\x02395e7fcab8f6e1cc5f4ab7d162c8e1dbf006f7cea2d8e71aa804d5c7b46c9cdf,704519
44,rv1qvkuc6lcq6hpmplrl2a466p25c3ls2jfu7h8gt04umt7ewsvgdpf62pyw6g,\x032dcc6bf806ae1d87e3fabb5d682aa623f82a49e7ae742df5e6d7ecba0c43429d,707645
45,rv1qg2y0d4tau87nk3fu6j0frcwl4yc6tmwh7vduflmp9jvc989wemljtzd4sd,\x021447b6abef0fe9da29e6a4f48f0efd498d2f6ebf98de27fb0964cc14e57677f9,814002
46,rv1qge0u0ltqyvsa9hvyrgguc3ss0t2yktjyxm3xx24djxswdkayukckdk7wae,\x0232fe3feb01190e96ec20d08e623083d6a2597221b71319556c8d0736dd272d8b,1085000
47,rv1qtnwayrqtr0247f7ehhsq8j7rznqe75d88ggx8mf2p55tzd487thuelzs6w,\x02e6ee906058deaaf93ecdef001e5e18a60cfa8d39d0831f6950694589b53f977e,1089874
48,rv1qwjgznknyz0e40nfg69y553rv3g85w6pc5kyfn76ckrkyyql4vc863xcfut,\x03a4814ed3209f9abe69468a4a522364507a3b41c52c44cfdac58762101fab307d,1108261
49,rv1q2jszra5gsh8yxyr53y9vp9pjl7ad2jrkw0epvltga6h0xxqm3w3u9xyzpe,\x02a5010fb4442e721883a4485604a197fdd6aa43b39f90b3eb47757798c0dc5d1e,1135147
50,rv1qg4uv34n86vsgttwsh85ccs2a9m79p7fegwhjsz600qc350ucvqvvqzaf9w,\x022bc646b33e99042d6e85cf4c620ae977e287c9ca1d79405a7bc188d1fcc300c6,1143629
51,rv1qvc69ue7t66vgfl982wmqtw4w4mqn7ejvrj4klc82zg78e623v9wgymf63d,\x0331a2f33e5eb4c427e53a9db02dd5757609fb3260e55b7f075091e3e74a8b0ae4,1149065
52,rv1qw09ylhlean0f4axfz9874rja0at2acwwpav64646l5jl06utavscsdda98,\x039e527effcf66f4d7a6488a7f5472ebfab5770e707acd5755d7e92fbf5c5f590c,1166502
53,rv1q2g49nhxj2w5pm66nf00v8sqcfyr0w9sah5nk6jzkng9u7ypvr8xk2tzfcc,\x029152cee6929d40ef5a9a5ef61e00c24837b8b0ede93b6a42b4d05e788160ce6b,1172874
54,rv1qgt327n4my4eq56325uply4p0nr8srdmgyw7yw2j363lcykrhz65g3c4x7v,\x0217157a75d92b90535155381f92a17cc6780dbb411de239528ea3fc12c3b8b544,1175928
55,rv1qfxktwkq9amdh678cxfynzt4zeua2tkh8nnrtcjpt7fyl0lmu8r3urllukm,\x024d65bac02f76dbebc7c1924989751679d52ed73ce635e2415f924fbffbe1c71e,1189171
56,rv1q26czylxesxxd294k0rth47cfeqlgrmkejynq89cq96p9hvyt62pxyn3ycw,\x02b58113e6cc0c66a8b5b3c6bbd7d84e41f40f76cc89301cb8017412dd845e9413,1332332
57,rv1qg923hl7f725cs06eg5gmdcy4pfvpa8mfnjcw669traquj28c96z5w0rld0,\x020aa8dffe4f954c41faca288db704a852c0f4fb4ce5876b4558fa0e4947c1742a,1353640
58,rv1q2y8f22xgcvta7hxxtvfxpfd2g9qja2r0yk258c3s2skzzz59wp02yqm6p5,\x028874a9464618befae632d893052d520a097543792caa1f1182a16108542b82f5,1389285
59,rv1qde388rumuqwyvfnxx777hwjeags800856k4am20y53jxwnm9q3jvvy4009,\x0373139c7cdf00e2313331bdef5dd2cf5103bde7a6ad5eed4f2523233a7b282326,1414283
60,rv1qw9xrk6e4sgn4hrzp9e2kerpk3ge7jm693pm889yy9w2fxtscz6vqy46epa,\x038a61db59ac113adc620972ab6461b4519f4b7a2c43b39ca4215ca49970c0b4c0,1440795
61,rv1qgsfrh2wrgr3re9gt7wmsv3kswygacflmvyy26yv8nlwwqkpypy4yvj00p6,\x022091dd4e1a0711e4a85f9db8323683888ee13fdb0845688c3cfee702c1204952,1675520
62,rv1q2vwh6sde7mv607fdxa3hyyxty3el7h87057cx3qtsr7eyxs97l6v3m5vh2,\x0298ebea0dcfb6cd3fc969bb1b908659239ffae7f3e9ec1a205c07ec90d02fbfa6,1703289
63,rv1q06mh008lafp3saxnrfxc6cthkx0zw76sf9x5rdkkums4sxsc8l4qjuczrq,\x03f5bbbde7ff5218c3a698d26c6b0bbd8cf13bda824a6a0db6b7370ac0d0c1ff50,1728256
64,rv1qdfhzmygv2vmxuc4702pttrpkep0vkc06a64zlenmvujn2yvq2u3y93e8ky,\x0353716c886299b37315f3d415ac61b642f65b0fd775517f33db3929a88c02b912,1854806
65,rv1q2twzsq2eqd9et4lnh745k0r7heqp2d2maj57sh5eswj2rdrjex250d832l,\x0296e1400ac81a5caebf9dfd5a59e3f5f200a9aadf654f42f4cc1d250da3964caa,2036094
66,rv1qfa8fy08dv7fm6jnd46arcjdzg4sjycne564jw2kl5pflsv8hvlazy87qx4,\x027a7491e76b3c9dea536d75d1e24d122b091313cd35593956fd029fc187bb3fd1,2144809
67,rv1q2lytrcedqmqh0g5vcseh0mf74e7nmvffgda0sfx790k9xcfzck8qtkrjh4,\x02be458f1968360bbd1466219bbf69f573e9ed894a1bd7c126f15f629b09162c70,2161269
68,rv1qwqvrexkz0qdgve9jxk4c8s35n9n4wucgm0m8pahgqyc2py6raf7g9uf9j7,\x0380c1e4d613c0d4332591ad5c1e11a4cb3abb9846dfb387b7400985049a1f53e4,2199581
69,rv1q0lskvu7awu4rgzju3pth6a7eqk3zazrnlqnxwqtehr7td4he2zfck5yruz,\x03ff0b339eebb951a052e442bbebbec82d1174439fc133380bcdc7e5b6b7ca849c,2225750
70,rv1qv8jsjde78efgv5kel4q37ths95da4etnduhzqpe6t0vd8c45u37j5n6vln,\x030f2849b9f1f2943296cfea08f9778168ded72b9b79710039d2dec69f15a723e9,2275963
71,rv1qfmthrwmpuv9weww5g529zkh4fe0qdzjcrdghrghr22ymfnmz9tf5wg5ccy,\x0276bb8ddb0f185765cea228a28ad7aa72f03452c0da8b8d171a944da67b11569a,2294154
72,rv1qt2mpw9j5av508e2f75q2pxhj04m5waerd5eafgrdvkapaxx3v0wxt36584,\x02d5b0b8b2a759479f2a4fa80504d793ebba3bb91b699ea5036b2dd0f4c68b1ee3,2407426
73,rv1qgrcl8ecx2zzr6kvdytduf3v7t5hntaa05nq7f3jxhfu73360sqjuf82pnu,\x02078f9f38328421eacc6916de262cf2e979afbd7d260f263235d3cf463a7c012e,2775192
74,rv1qdunll7z585pa4s2u5lh0hj96t9cxp955yzqhul8myewqvzhqphp7rqhs3p,\x03793fffc2a1e81ed60ae53f77de45d2cb8304b4a1040bf3e7d932e03057006e1f,2781337
75,rv1q04u5zwtgffsqkvr08xqm6vpm3gwxh4uqwtjpx5p47ew0m0v8m5zs3m3jed,\x03ebca09cb425300598379cc0de981dc50e35ebc0397209a81afb2e7edec3ee828,2801881
76,rv1q27pjz9zf4f37df493xzx6hgattjj6qdyn255u8a58eeyac7lg495xklqu7,\x02bc1908a24d531f35352c4c236ae8ead729680d24d54a70fda1f392771efa2a5a,2804888
77,rv1qwqf39p307f58y06ejewfwzyuyqd68denpdk3vpp7rsvmqtsc0kdkhq64gc,\x03809894317f934391faccb2e4b844e100dd1db9985b68b021f0e0cd8170c3ecdb,2921973
78,rv1qtkl4r2x86cn5nujyx7cnd6rup5tkuvvm7qqp0ycxa6fgv246k6d6nrq0kz,\x02edfa8d463eb13a4f9221bd89b743e068bb718cdf8000bc983774943155d5b4dd,2966788
79,rv1qwkwplp6kadg8gsj7feyc5hje4qlwn4zkfn4spg9u6azlru2n36vjzceesq,\x03ace0fc3ab75a83a212f2724c52f2cd41f74ea2b267580505e6ba2f8f8a9c74c9,3060333
80,rv1q2fj02guaut2k0fvxjngs77vlfr9mfrk7vmj6kvf22kwq7cww854jgjkhvf,\x029327a91cef16ab3d2c34a6887bccfa465da476f3372d598952ace07b0e71e959,3227181
81,rv1qfgl9cqd8cr5df54fahlkw9epxvmll0yvucndvt0ytt0t9nrmvs3zqeu75q,\x0251f2e00d3e0746a6954f6ffb38b90999bffde4673136b16f22d6f59663db2111,3229242
82,rv1q00l6tamghj5jzq6rzj7rh9yjyeaks2d207jnqm5d4lsgzutqte05d3kjv3,\x03dffd2fbb45e549081a18a5e1dca49133db414d53fd2983746d7f040b8b02f2fa,3231776
83,rv1qdwduz6jf7eghgmn7n7axtq54yrr0q4zttww2jghk8p8a6e4u2p0w4jnkvt,\x035cde0b524fb28ba373f4fdd32c14a9063782a25adce54917b1c27eeb35e282f7,3231876
84,rv1q2yamds428pun7eyu6f9e94esczntwwl4s2m5kf8eq9h5ll3ck9jc0537gm,\x0289ddb61551c3c9fb24e6925c96b9860535b9dfac15ba5927c80b7a7ff1c58b2c,3233116
85,rv1qglytd467jmcgy9ddtns5f79u8dz6k4melq5g2nyaxnzrz36dskeq3nwygc,\x023e45b6baf4b78410ad6ae70a27c5e1da2d5abbcfc1442a64e9a6218a3a6c2d90,3239693
86,rv1qt36awal5325xja4a8du2repzl5pm8gxus6l8kehq3ng5u36mw7yzzt6msd,\x02e3aebbbfa455434bb5e9dbc50f2117e81d9d06e435f3db3704668a723adbbc41,3240714
87,rv1qdl2aazqk7fcyn0j85y5mv6ezc2p3fjja8je69tqdx6ffpwxfzst6he6erm,\x037eaef440b793824df23d094db359161418a652e9e59d156069b49485c648a0bd,3243938
88,rv1qgw68kqkryhgxvcvp04wfss0k76svxkqv3zvf57rcvrkuzdluu9ay4snzxc,\x021da3d816192e83330c0beae4c20fb7b5061ac06444c4d3c3c3076e09bfe70bd2,3286179
89,rv1qdmvkhx49sq83axsll0mtkqytz86jjd0j2qa33l36lnz0srq8kh4j8ytzvl,\x0376cb5cd52c0078f4d0ffdfb5d804588fa949af9281d8c7f1d7e627c0603daf59,3629789
90,rv1qdx65px2g9j3gv9mq8vw0t6000zuvhydmgtthdjyf9ksnmu6ht6r2zaeq0f,\x034daa04ca41651430bb01d8e7af4f7bc5c65c8dda16bbb644496d09ef9abaf435,3735955
91,rv1q0l37pvy9425rks80urf5wrhjxuggnj8gw4g0qe0uzp5egvlpjvyw346sur,\x03ff1f05842d5541da077f069a387791b8844e4743aa87832fe0834ca19f0c9847,3774671
92,rv1qdz6npzx2epyveh0gaayvc8rv2rymukg8xd743kzujwzymhs2k8skmq2xta,\x0345a9844656424666ef477a4660e362864df2c8399beac6c2e49c226ef0558f0b,3889534
93,rv1qwukra5el9xl0efggr29a64kmr9t04m7a5r7zsxc8jtfr9ru7ue9u6z9g0h,\x03b961f699f94df7e52840d45eeab6d8cab7d77eed07e140d83c9691947cf7325e,3893819
94,rv1qggax7sd4ajv4693zg3fynqlyzutw9rwyk6q8dvzsfryml6jk6dxq2uz82c,\x0211d37a0daf64cae8b11222924c1f20b8b7146e25b403b58282464dff52b69a60,3959299
95,rv1qdn4mwharah5c3w5sw4zfyagvkftrj47ruwatjfr6z2r7pmvk5uuu84j45v,\x03675dbafd1f6f4c45d483aa2493a86592b1cabe1f1dd5c923d0943f076cb539ce,4109345
96,rv1qvpwth2f639jl7ala5exvw0rew55r9qyye2g2w966srpm2lh5w3e6y3k4gp,\x0302e5dd49d44b2ffbbfed326639e3cba941940426548538bad4061dabf7a3a39d,4273882
97,rv1q0rd59efueuu80mg8jedescygakhee8jvc8fcz92k4gjyrhxf9dmxqsjrxm,\x03c6da1729e679c3bf683cb2dcc304476d7ce4f2660e9c08aab551220ee6495bb3,4686180
98,rv1qv96mufh7z5mdr8dg77hku8kgwq39ynemuppfazp4kve0ntrkv00zfdtx9z,\x030badf137f0a9b68ced47bd7b70f64381129279df0214f441ad9997cd63b31ef1,4773923
99,rv1qwzfxlw0ms5kr6a3jpfv063uq9533x2ka8nnz3qsm6wy0pcf3j8cjyglpnz,\x0384937dcfdc2961ebb19052c7ea3c0169189956e9e7314410de9c4787098c8f89,5051642
100,rv1q2q7w5eglrljd29dsm2uqr7fcl8qwwkdqpf75kmmw5a54xtvgumwvy420gu,\x0281e75328f8ff26a8ad86d5c00fc9c7ce073acd0053ea5b7b753b4a996c4736e6,5071003
101,rv1qtsyl0q7nl0642dp9nehp5579cclskxg6v70yphy5wcfxpmjfqc66s4l9md,\x02e04fbc1e9fdfaaa9a12cf370d29e2e31f858c8d33cf206e4a3b09307724831ad,5198421
102,rv1qfl9knst3ns95v6l7ghqyz0027jl3pg4ykg8w7n35g6r8eej55v0gf87kq2,\x027e5b4e0b8ce05a335ff22e0209ef57a5f885152590777a71a23433e732a518f4,5283649
103,rv1qgfmskllt5lj2l2q2crgat6ml4t9u0n36phxevv3qy9yegxapdxnjgnqsuh,\x0213b85bff5d3f257d4056068eaf5bfd565e3e71d06e6cb191010a4ca0dd0b4d39,5298082
104,rv1qdpk5akfjwyqrdmgf3ap2djcyvafuqvaenyjumfq2hht2ev2jlc5x6sjfzf,\x03436a76c9938801b7684c7a153658233a9e019dccc92e6d2055eeb5658a97f143,5349095
105,rv1qd30jdkulyu5gtzns4ndwn493yxw9jvqfp4nfnln9kv2q7m7aw0jqv8t46s,\x0362f936dcf939442c538566d74ea5890ce2c980486b34cff32d98a07b7eeb9f20,5963947
106,rv1qwsg60y9h6c0t0n93z70053jseygtd8n6ueg3tr7wn8krxv60fexcsnh0zq,\x03a08d3c85beb0f5be6588bcf7d232864885b4f3d73288ac7e74cf61999a7a726c,6022068
107,rv1q29pg6kl80m43h0mewh8w8zfnhnpg50e3plwaexqx29vq2savjnzkdn89kp,\x028a146adf3bf758ddfbcbae771c499de61451f9887eeee4c0328ac02a1d64a62b,6097524
108,rv1qtmggu6f7hedlphlt6dzj7uv0daecawmulsj55eprd0aygz8k4nq5mspgd2,\x02f6847349f5f2df86ff5e9a297b8c7b7b9c75dbe7e12a53211b5fd22047b5660a,6112762
109,rv1qtp373zxxpymakyrn0g4n8lw7sgq5s57ryfhr6hv83zfq56wf2m82xsu0yq,\x02c31f44463049bed8839bd1599feef4100a429e191371eaec3c4490534e4ab675,6391150
110,rv1q250v8v6a7s6594tlvv6ndkk880dc3mgxaqssa4jeet890qczty9vesjmvn,\x02a8f61d9aefa1aa16abfb19a9b6d639dedc476837410876b2ce5672bc1812c856,6420008
111,rv1qtge5a38uqgv0xjpqpguahn25qvqprkwht5c8hnpwu6l2un4xjnhyfps7ry,\x02d19a7627e010c79a410051cede6aa018008ecebae983de617735f5727534a772,6519530
112,rv1q20txsfw6ngtr48yv87kpnzclwamqr3lnmmw3kqmw8r55yrk4a5cgpc4ce2,\x029eb3412ed4d0b1d4e461fd60cc58fbbbb00e3f9ef6e8d81b71c74a1076af6984,6598978
113,rv1qgn26g8ra58fm5d5nzk7wlk9dlnjhx20kpdy0krq3tmdzfzpwaeactcdxx5,\x0226ad20e3ed0e9dd1b498ade77ec56fe72b994fb05a47d8608af6d124417773dc,6820954
114,rv1q04vyjdplw2gtz3ptypjqncxrw73nupkn9p9tnwjr2a7x4rc3v2vq8sf72m,\x03eac249a1fb94858a215903204f061bbd19f036994255cdd21abbe354788b14c0,6920753
115,rv1qgw2s2rrn5gs3tumtk4z62casy5f0ze49zutfy6t32acyc7vn00qsjkajvj,\x021ca828639d1108af9b5daa2d2b1d8128978b3528b8b4934b8abb8263cc9bde08,6952743
116,rv1qfprtp9220swygpdlj5ryynvpp335nss3clllfd3z9mnv6xanv7cv7jx6vs,\x02423584aa53e0e2202dfca832126c08631a4e108e3fffa5b111773668dd9b3d86,7054503
117,rv1qf3hq39mnxx6ln5yfy5gmgnm2vuxvpjxm8rhymqahq09n4vntyk77a5nfre,\x02637044bb998dafce8449288da27b5338660646d9c7726c1db81e59d593592def,7069939
118,rv1qtqp3mz6h8t3xslm4pdq5466jjgr7tdl7755zcpw6u9y4k6mrz3wyqvh992,\x02c018ec5ab9d71343fba85a0a575a94903f2dbff7a941602ed70a4adb5b18a2e2,7099704
119,rv1qgg8n2f8ddrfc5927rjh0rykkw2m5apqkaw6pcsxtmzk4086al77vs3rtxh,\x021079a9276b469c50aaf0e5778c96b395ba7420b75da0e2065ec56abcfaeffde6,7104489
120,rv1qfa3mpfqu60sc7pljv0xu4x0vxl7h8ugqccpnvplhrs7875w8gvluhxrxww,\x027b1d8520e69f0c783f931e6e54cf61bfeb9f88063019b03fb8e1e3fa8e3a19fe,7329154
121,rv1qtf5k5nmpl6653puw63ync409cek87rd88u6nve5yac6epzafy5hskzckdy,\x02d34b527b0ff5aa443c76a249e2af2e3363f86d39f9a9b3342771ac845d492978,7355629
122,rv1q07zueawn3fcj79npf88prwqfwn3hsu5e60rwh5ft76tvpc36c52unus0pt,\x03fc2e67ae9c538978b30a4e708dc04ba71bc394ce9e375e895fb4b60711d628ae,7509419
123,rv1qg6pk02jztlw5v456g77dv9j6f45k307u85r84h2yp6q208zw5qhuwcx5tn,\x02341b3d5212feea32b4d23de6b0b2d26b4b45fee1e833d6ea2074053ce275017e,7626613
124,rv1qgk7asalvem6y06asnxwt8rgx05gvl9vzrldnkshvat3uysxmkx9gmkv7y2,\x022deec3bf6677a23f5d84cce59c6833e8867cac10fed9da1767571e1206dd8c54,7651967
125,rv1qgnzjacsgtrhfec8qjzfls3za7utss3gz8p62dnlaxkxnenml0c02p9y5mv,\x022629771042c774e70704849fc222efb8b8422811c3a5367fe9ac69e67bfbf0f5,7665076
126,rv1qt32hq7ju5vhx2zhlegdcmc6lxmsxrsxnwp7slhlsjadjvh2g9f42uye4s4,\x02e2ab83d2e519732857fe50dc6f1af9b7030e069b83e87eff84bad932ea415355,7690954
127,rv1qf90qd588wk4h5x3qm5p3jw4znq9zf7mxw3vgvu4nexwfsy9gxh46wdkk6u,\x024af036873bad5bd0d106e818c9d514c05127db33a2c433959e4ce4c08541af5d,7811527
128,rv1qt7lppr74rpaugmpyfrq5cqy8azek88929atez8xx2aw2v3ae4r4qx6dya4,\x02fdf0847ea8c3de236122460a60043f459b1ce5517abc88e632bae5323dcd4750,7846285
129,rv1q09z8xfundl30zhjxggpd7n8pdcqpvzr6n4n2lvl0mdae5ntut46qgx5970,\x03ca23993c9b7f178af2321016fa670b7000b043d4eb357d9f7edbdcd26be2eba0,7856126
130,rv1q0es0alm8vkuwsq66uy7elc4g7xal6npr2r3a5q6as042u4704nyuw8sdzs,\x03f307f7fb3b2dc7401ad709ecff15478ddfea611a871ed01aec1f5572be7d664e,8085680
131,rv1q0ztnfguup5tqyxjj4jg6eqksfjzzgfml0gmaq933tegj7a0jqufc64jzsw,\x03c4b9a51ce068b010d295648d6416826421213bfbd1be80b18af2897baf90389c,8095820
132,rv1q2x9yj085lg8qakwlkcj2vexwvh2ag5nh6qtftw6c9r9hgnz5u7yxq0n2ar,\x028c5249e7a7d07076cefdb1253326732eaea293be80b4addac1465ba262a73c43,8368012
133,rv1qt0rr2ccrtd0z065tmzjf0t6vrnl93p2r4hjn35uj4r05rkc9ag5wcpx0f7,\x02de31ab181adaf13f545ec524bd7a60e7f2c42a1d6f29c69c9546fa0ed82f5147,8875336
134,rv1qfls7suv22597kk9gvezurun27pru27lk3cu7mg5mcrvnaker02xv6lg45p,\x027f0f438c52a85f5ac543322e0f9357823e2bdfb471cf6d14de06c9f6d91bd466,8900163
135,rv1qdz309wey03nd9fn7xrqal80zmalcfjd77hmtna2l7etdhw4hhygkxdc4e0,\x03451795d923e3369533f1860efcef16fbfc264df7afb5cfaaffb2b6ddd5bdc88b,10686066
136,rv1qvyxa4naz5xx7qus6r9fz7gua8psekr5v3pwyuaqm9l8sp82585hqpsyppv,\x03086ed67d150c6f0390d0ca91791ce9c30cd8746442e273a0d97e7804eaa1e970,11010310
137,rv1qttxap4e86fl7g4uce5m5a4c6evyndqsmg3rd333cfsqtk2y88kpqw39qvu,\x02d66e86b93e93ff22bcc669ba76b8d65849b410da2236c631c26005d94439ec10,11035291
138,rv1q06n3drn5qxpxk4y3yw22vghlm3n3hkar09rurh8ysn0g5m8wy2wuwkqsyd,\x03f538b473a00c135aa4891ca53117fee338dedd1bca3e0ee72426f453677114ee,11360260
139,rv1qgk5ykqhvcgfvmtf6pghzyn9f3skdup26sgx4587tdxmfcckwx87uutd49z,\x022d4258176610966d69d0517112654c6166f02ad4106ad0fe5b4db4e316718fee,12882833
140,rv1qvjz86qwa7l80y8vhfuhz6957ch6texdmpk98rg2gtakhr0avan4jplkxy7,\x032423e80eefbe7790ecba797168b4f62fa5e4cdd86c538d0a42fb6b8dfd676759,13213867
141,rv1q2cktays2audnlfqkf9rju8rz66eyz0rng0c8fkz2gr935c62mfgkrspags,\x02b165f4905778d9fd20b24a3970e316b59209e39a1f83a6c2520658d31a56d28b,14090384
142,rv1qvlpwudkz3tyhvnxs7nd6t0mpprrahuv3fy2w6mju2wnlkz58d4q22dc9nq,\x033e1771b614564bb26687a6dd2dfb08463edf8c8a48a76b72e29d3fd8543b6a05,16899310
143,rv1qdhvu7wf7ajpvhn8j4m9ptznkaktl5cru2lr5ep9qvze9e5sjqdxxhz9m3h,\x036ece79c9f764165e67957650ac53b76cbfd303e2be3a6425030592e690901a63,18372851
144,rv1qta8mquaxlmx8htz6wpescvmqzc9mv26vkkhzltzdhxs8dhzhyvkwxf7v6j,\x02fa7d839d37f663dd62d38398619b00b05db15a65ad717d626dcd03b6e2b91967,18413943
145,rv1qgqr2p4cyq0q6sv5vmc965lrsw9mkx6jk0ddn6tg0jwj6dqved726lrp7ug,\x02003506b8201e0d419466f05d53e3838bbb1b52b3dad9e9687c9d2d340ccb7cad,18431082
146,rv1qdawftdkvx385rmgeejalhxca0xwxhpgrzt9tuv23p08hxr39ypwv8y9e8l,\x037ae4adb661a27a0f68ce65dfdcd8ebcce35c28189655f18a885e7b98712902e6,18673652
147,rv1qg8xr7ngdxethwaa72u6dawur3ywueh6a3k28203e97hh5rk6cf6ydujm7x,\x020e61fa6869b2bbbbbdf2b9a6f5dc1c48ee66faec6ca3a9f1c97d7bd076d613a2,18684189
148,rv1qtcqt5tjwww4gv398uqa4seqm2a8pawhyrj22c5zx86jmgvhg95hc6g0mx5,\x02f005d172739d5432253f01dac320daba70f5d720e4a5628231f52da19741697c,18872089
149,rv1q2ks8g25maept33z72lzlp2zws4knxs5656xut3fnaj48qjvlh7p70kgyax,\x02ad03a154df7215c622f2be2f8542742b699a14d5346e2e299f6553824cfdfc1f,19177703
150,rv1qvcrmjpk9pu9ccpu87lvxpfrj8rgn62q6w4psltma5uc0y8k5sgyqnyns6g,\x03303dc83628785c603c3fbec3052391c689e940d3aa187d7bed398790f6a41040,19645154
151,rv1qvs6sggqmk00pp6f9y2j5mmez4xy2v8swukf86dpz3mwqs328pdfsxtapnn,\x0321a82100dd9ef0874929152a6f79154c4530f0772c93e9a11476e0422a385a98,21095404
152,rv1qvgrpg478vtphcsl444e2lycpytwx7akut9pv3wdk86055j78pc8qvr7tjk,\x031030a2be3b161be21fad6b957c980916e37bb6e2ca1645cdb1f4fa525e387070,21434028
153,rv1qgmpydcffgyyp0nqvhvcz5emzzzctkrvjh5pe5rlavh75kf0j3amxyt9urf,\x02361237094a0840be6065d981533b108585d86c95e81cd07feb2fea592f947bb3,23218817
154,rv1q03txhtq9d4v79len5jk65hzecgzdwqr94cu9pqd3v0r8dp923r9z37n7hw,\x03e2b35d602b6acf17f99d256d52e2ce1026b8032d71c2840d8b1e33b425544651,23571103
155,rv1qdzhjsq79sjhp4dt3nd7d0ujyjty90luhn0rr23tfpnrxne70ntcyquwyum,\x034579401e2c2570d5ab8cdbe6bf92249642bffcbcde31aa2b4866334f3e7cd782,24448119
156,rv1qw0dvrdx7q7mrkf09g90w49t6kpud4pgf24cpx6zthpnxe7a8msjjkmavdd,\x039ed60da6f03db1d92f2a0af754abd583c6d4284aab809b425dc33367dd3ee129,24555288
157,rv1qtzlupqghjyvdsp3nn0cpkdvmtrfe7ac8czump5r6hgm0rnlhvznj88xw7a,\x02c5fe0408bc88c6c0319cdf80d9acdac69cfbb83e05cd8683d5d1b78e7fbb0539,24563493
158,rv1qfhpcsgk6ks0aknp6nz5t4fzfdwvzw9u88ech658wz727cvqg7ufw7hesus,\x026e1c4116d5a0feda61d4c545d5224b5cc138bc39f38bea8770bcaf618047b897,24708045
159,rv1qf69fy0g9ux2m9mmyy2pcaj8kqja4g8grh8c22haq5u0655rpekfwzma94h,\x02745491e82f0cad977b21141c7647b025daa0e81dcf852afd0538fd52830e6c97,24990140
160,rv1qtm32gr5dkhgmjjmhxn43yah6y59f5nx6qv3x44kg80mtaaffv39u9tylpu,\x02f71520746dae8dca5bb9a75893b7d12854d266d0191356b641dfb5f7a94b225e,25349057
161,rv1qda27ekmhpajxgf6hfrhr66t2ncc4jgv9qcmxmqyfhtfw0mxcy3cuw80k0k,\x037aaf66dbb87b23213aba4771eb4b54f18ac90c2831b36c044dd6973f66c1238e,25644866
162,rv1qw8f6rexde0mph2fvgdaut78746vwupaxw7wkjpj79ld37e0gtjrufg3z02,\x038e9d0f266e5fb0dd49621bde2fc7f574c7703d33bceb4832f17ed8fb2f42e43e,25803193
163,rv1qwdk4awyz9nlw2cw4w00ae9mp5ukz82ppl3d22mezejry4fraeucv8me8qg,\x039b6af5c41167f72b0eab9efee4bb0d39611d410fe2d52b791664325523ee7986,26968526
164,rv1qv8carn8a9xgthn93c2eh7rv5llte20f4ukh5p0u8eqh8jh8megpc0x3vtc,\x030f8e8e67e94c85de658e159bf86ca7febca9e9af2d7a05fc3e4173cae7de501c,27964064
165,rv1qwu2fkrsymlmfme2tztpxcwdw4tvk2wcratv3y54ffdut4n5enk4uhxf8gx,\x03b8a4d87026ffb4ef2a58961361cd7556cb29d81f56c892954a5bc5d674cced5e,28102791
166,rv1q0lm9z8r6v2vwdwej6p2xr6unf3l6y4nlfrypyaauyfuqq8c4a976n8ln8c,\x03ffb288e3d314c735d99682a30f5c9a63fd12b3fa464093bde113c000f8af4bed,28148986
167,rv1qw2amu7mfu2nunv4k5aa2p0lk374ca3nvlf4dxzyd5t9he0adl5gsymp0p6,\x0395ddf3db4f153e4d95b53bd505ffb47d5c763367d35698446d165be5fd6fe888,28355619
168,rv1qglprk8k5jp4djjuyrwmdpxdz37e40s2qtvkslfr3drggluex4tc7luntu9,\x023e11d8f6a48356ca5c20ddb684cd147d9abe0a02d9687d238b46847f9935578f,29431922
169,rv1qvz9e50ehavwp9t093ehwwg9lwegcvnncsm5f4qrvxuufef4x49vx3r2pp8,\x03045cd1f9bf58e0956f2c73773905fbb28c3273c43744d40361b9c4e535354ac3,29910110
170,rv1qg0jk22hmd3gqzljc68gl979s5nq6fpjnqdu2ct288a4fpk8eafncvcl5x8,\x021f2b2957db62800bf2c68e8f97c585260d2432981bc5616a39fb5486c7cf533c,31188504
171,rv1qgzhs4cchrecmflwkfhyl4ustys5n4xd524tqhzwum8pe8z5a66zu9z5sak,\x0205785718b8f38da7eeb26e4fd790592149d4cda2aab05c4ee6ce1c9c54eeb42e,31668137
172,rv1qw3f26xce86afkxd7pvm828p5npz370242lnupf35wgdyx3hmafpqfl3994,\x03a29568d8c9f5d4d8cdf059b3a8e1a4c228f9eaaabf3e0531a390d21a37df5210,32439668
173,rv1qva6teyl526fuewhrn4wfase0p2qmgenvufef76n873d88v5sgxl2cpf5a0,\x033ba5e49fa2b49e65d71ceae4f61978540da333671394fb533fa2d39d94820df5,32599395
174,rv1q08vqw6uzfvw6rqlcza8s5jr96wed9qqawejms03rq37haykdjuacwzkyg3,\x03cec03b5c1258ed0c1fc0ba7852432e9d969400ebb32dc1f11823ebf4966cb9dc,32727782
175,rv1qt5d0keuhzz6g098yymk8gdwgxeq0dxcumxd4v78fatedq2czgw5s80vzaa,\x02e8d7db3cb885a43ca7213763a1ae41b207b4d8e6ccdab3c74f57968158121d48,33088625
176,rv1qgfsmv5qn9w7nv9qh7tp7nfaujzqd4x2tqc95dpr668tc8tpm27e65lsee7,\x02130db280995de9b0a0bf961f4d3de48406d4ca58305a3423d68ebc1d61dabd9d,34383915
177,rv1qvvsdecu7lf6m96wyald0dm2njat6zypmdtaya5h9tm8ln94etsd7zwl6w8,\x031906e71cf7d3ad974e277ed7b76a9cbabd0881db57d276972af67fccb5cae0df,36246470
178,rv1q0e2wmzcjkj32zdgj8nym3fy0ekrf4cyxc73lj6xlj6y3hlujrsd2kynklr,\x03f2a76c5895a51509a891e64dc5247e6c34d704363d1fcb46fcb448dffc90e0d5,36916690
179,rv1qtdt4aazx9mxml3fp8sxjd5zm92wug0d5u9tzqqncmtpu8572gu2j0sclkk,\x02dabaf7a231766dfe2909e0693682d954ee21eda70ab10013c6d61e1e9e5238a9,36977674
180,rv1qvddnts44qe8kl3de73jxehj3cpmxgv3e3gfrze7dchgqm6822wa7eq5z77,\x031ad9ae15a8327b7e2dcfa32366f28e03b32191cc50918b3e6e2e806f47529ddf,38046122
181,rv1qtuglcxjp46ewkqecemdeu2wlswdad52643xmukqsfeaqa4agrhsgvmwcz9,\x02f88fe0d20d75975819c676dcf14efc1cdeb68ad5626df2c08273d076bd40ef04,43476681
182,rv1q08ey983ken8tykgqhusn6hxl0pcr4p5tnrvj9w5egd36y95xum0z9t0yu3,\x03cf9214f1b6667592c805f909eae6fbc381d4345cc6c915d4ca1b1d10b43736f1,44172505
183,rv1qvu5q8y5fxgtn3ffra85jtwphm5kmynj8jwleds8r3s500xzdcsgy0vu2cu,\x0339401c944990b9c5291f4f492dc1bee96d92723c9dfcb6071c6147bcc26e2082,45607600
184,rv1qtu7r2f82qmzphsgw5mug3vzxenzfwrhpyf9rja5ckp2k06ca5duu63guaa,\x02f9e1a927503620de087537c44582366624b877091251cbb4c582ab3f58ed1bce,47098877
185,rv1qw93gd5d4aw6hur94myz633ayveanezl262t3tgp4l9a0797f6jcjhne5wt,\x038b14368daf5dabf065aec82d463d2333d9e45f5694b8ad01afcbd7f8be4ea589,48205854
186,rv1qg2szwpgl0vv0mhgk5qafyac53esctc4rgg6pl8u62ztpej3pn37s7zpcwz,\x0215013828fbd8c7eee8b501d493b8a4730c2f151a11a0fcfcd284b0e6510ce3e8,49034522
187,rv1q0uv4qp75lp6lt0d4q4kww25d9d968r59aa496n5sg3evanx7y0lw6tuql4,\x03f8ca803ea7c3afadeda82b673954695a5d1c742f7b52ea748223967666f11ff7,50308866
188,rv1qvq5dpfrte49l3hdzzarftmsqejqzf3d8dxnrx2tzdc0ljcrg88uvnlvpau,\x03014685235e6a5fc6ed10ba34af70066401262d3b4d31994b1370ffcb0341cfc6,52277793
189,rv1qgkpx6qpm4d0w8x5ljgv557ljw3rcky42peya9zeq6kqt8xqlqg25swzn6a,\x022c136801dd5af71cd4fc90ca53df93a23c589550724e945906ac059cc0f810aa,54491873
190,rv1qwcyk9krmnst2a3j753cmwzw7tetsve3a9jcuqhvslddg7gn9wjujm44rgr,\x03b04b16c3dce0b57632f5238db84ef2f2b83331e9658e02ec87dad479132ba5c9,54945677
191,rv1qtztn2t7smu8nn3gk9cnh9cl66ju7z9kvmatpqyx5h295v4304xmwnjf43n,\x02c4b9a97e86f879ce28b1713b971fd6a5cf08b666fab08086a5d45a32b17d4db7,56735289
192,rv1qtnl9vuxkg9d38thqcz35c70egnkn0z8ck6z2cwn9ujwf7cu8t82suyqhau,\x02e7f2b386b20ad89d7706051a63cfca2769bc47c5b42561d32f24e4fb1c3acea8,57524097
199,rv1q2pc3mt5n4j42gxhv8t0j5pgu6zt54ayhlqqa67wcjl5zmnz7lc86klas0p,\x028388ed749d655520d761d6f95028e684ba57a4bfc00eebcec4bf416e62f7f07d,67524747
200,rv1qt9kmr38hdfsuxfduafyspwv8awc8k4cz7cazvh8rdvftm70slwwggpfk0f,\x02cb6d8e27bb530e192de7524805cc3f5d83dab817b1d132e71b5895efcf87dce4,71293871
201,rv1qt54qrju7px7gn80f342mf7hhpdwx87t9l0mnggqd250nxmd80a46syz0s5,\x02e9500e5cf04de44cef4c6aada7d7b85ae31fcb2fdfb9a1006aa8f99b6d3bfb5d,73690265
202,rv1qd9wlc66dzssnkzwja2mrnxsdezzkmxg00xqzrkn4039zpghaj0rs43mz63,\x034aefe35a68a109d84e9755b1ccd06e442b6cc87bcc010ed3abe2510517ec9e38,74689781
203,rv1qt7dmsekqnrel6uxf9prqwujhn4udnu9yl9yzrlrkprmq4zrwmppvxn2gqf,\x02fcddc33604c79feb864942303b92bcebc6cf8527ca410fe3b047b0544376c216,75524020
204,rv1qt3a9e60ztncsjn5n8gu542umqflgguxvkanuf2rm4k2afwsdvxzgn6yxdu,\x02e3d2e74f12e7884a7499d1ca555cd813f4238665bb3e2543dd6caea5d06b0c24,76761245
205,rv1q2442hd3h9wh56j50gnh956g2vxdz8k3rweqnw7pddruftrlhrwlqgk7zcs,\x02ab555db1b95d7a6a547a2772d348530cd11ed11bb209bbc16b47c4ac7fb8ddf0,82015822
206,rv1q087r7c4fhzhvjgq665jc8re9lwjvgamx6qrdl436r92wfuw3hz6x4lp06u,\x03cfe1fb154dc5764900d6a92c1c792fdd2623bb368036feb1d0caa7278e8dc5a3,84738700
207,rv1qfkutu5qad2pdx4f5hk96msfegjhg8g2c2pq75zke2hz4g430mhzwvylmcd,\x026dc5f280eb54169aa9a5ec5d6e09ca25741d0ac2820f5056caae2aa2b17eee27,85170430
208,rv1q0jnug5u6rg6zusw65d880uc4s75g74cjegh92nl27tq4lvp6yahjhtdfg7,\x03e53e229cd0d1a1720ed51a73bf98ac3d447ab8965172aa7f57960afd81d13b79,85403607
209,rv1qfyuderxrx6ljx902laaegeguuh5gptth5fsaplmzgqsnlepp33sjc6g0wf,\x0249c6e46619b5f918af57fbdca328e72f44056bbd130e87fb120109ff210c6309,88611805
210,rv1qw00edymt8x7ch63s4ukyncgq6ggr2krsdlyg6rz5g6zgt4a4qyacl2a5hy,\x039efcb49b59cdec5f518579624f08069081aac3837e446862a234242ebda809dc,90508091
211,rv1qdjw8dxvkshvg0q3mq48s9f4lfsfj3rh8ngavknsq3e98vxtrawrxp9dzxt,\x0364e3b4ccb42ec43c11d82a781535fa609944773cd1d65a70047253b0cb1f5c33,91016488
212,rv1qgujhchfzary8zz6mkqfu6wzcn48xgpp4qfk5xnmngkcdx6s2w03zgy2phr,\x02392be2e9174643885add809e69c2c4ea732021a8136a1a7b9a2d869b50539f11,91677340
213,rv1qfmxvs26wf9q74zuuttgkw27ym9m4rnxpswstxhz2vx9qkgkdj8qw0nentq,\x027666415a724a0f545ce2d68b395e26cbba8e660c1d059ae2530c5059166c8e07,92534299
214,rv1qtj3zvu8ttar6mluw6qzlfu5mnjqpeswcjs07ayalyx4gje4wy4xwq85hhs,\x02e51133875afa3d6ffc76802fa794dce400e60ec4a0ff749df90d544b35712a67,94185839
215,rv1qtm3z8ryf9czeal3unuknedurpxd2lxvz48umryrrznw5queawet28atjna,\x02f7111c6449702cf7f1e4f969e5bc184cd57ccc154fcd8c8318a6ea0399ebb2b5,94637390
216,rv1qvpl9ltgtjvw55xelvntzj6t5kx5w46f76lx0ju808qkvs8yctmq5sxajmf,\x0303f2fd685c98ea50d9fb26b14b4ba58d475749f6be67cb8779c16640e4c2f60a,94881497
217,rv1qwe3k036lrj79s06e8cx2kzcsrjmenxgug6d045jzer29sur3cfyv4r0a3t,\x03b31b3e3af8e5e2c1fac9f065585880e5bcccc8e234d7d6921646a2c3838e1246,95025698
218,rv1qdseumw3qazktkynest5rllrr073h389g6yqh29hnavdjhqp49zasy45lq0,\x03619e6dd1074565d893cc1741ffe31bfd1bc4e546880ba8b79f58d95c01a945d8,95903116
219,rv1q2p6y6mm9wqfhkesyhjpzuwwa8csst5rx569wzxzkazd0fywuk73uj3q4jn,\x0283a26b7b2b809bdb3025e41171cee9f1082e8335345708c2b744d7a48ee5bd1e,108492414
220,rv1qfppqvvkcyl5dd2ee6wr4ljp7kxrwlej8q4td5cd4gpc6wqylqt22wljdq5,\x0242103196c13f46b559ce9c3afe41f58c377f32382ab6d30daa038d3804f816a5,114218408
221,rv1q0tmvhfyssgpnt8em9maezv2qkzh33l7wr2z06em6z0pe5rny6j26e7zmn6,\x03d7b65d24841019acf9d977dc898a058578c7fe70d427eb3bd09e1cd07326a4ad,118241807
222,rv1q07997rqft5hxc53p6r6sf7kkwydnqp2320nth7ja7ktkvpmxr6vkhu48se,\x03fc52f8604ae97362910e87a827d6b388d9802a8a9f35dfd2efacbb303b30f4cb,122825525
232,rv1qvv7yqryt3mxrcpeenrwnyz6pxnpp3lx66d72vxp5t9zzf75vfk26ph94s6,\x0319e200645c7661e039ccc6e9905a09a610c7e6d69be530c1a2ca2127d4626cad,135734045
265,rv1qtuutgq4llktlclwxhguq9vdjlxruw56ypwa2suhy7qaadyrlxxfqrax58f,\x02f9c5a015ffecbfe3ee35d1c0158d97cc3e3a9a205dd543972781deb483f98c90,142481556
298,rv1qweydvrsxzq0s9czh6uwxv4pjkpy6h4kuc6cvzz53uhtdvkewu5y59qeplh,\x03b246b0703080f81702beb8e332a195824d5eb6e6358608548f2eb6b2d977284a,147034705
299,rv1q2gvdtkquyfy6txmywwymq409l5hdaddtfgfkkt9jm3sm90nnvc0cngp4cg,\x0290c6aec0e1124d2cdb239c4d82af2fe976f5ad5a509b596596e30d95f39b30fc,147069011
300,rv1qwkm88mm6s64a0270wvp7wvx26l5fyp0yr0u47hr3ywm9gv29n30gkznj6l,\x03adb39f7bd4355ebd5e7b981f398656bf44902f20dfcafae3891db2a18a2ce2f4,147071594
301,rv1qvat37gexeuchs7nql78vc9ltqew26kj3dhvlshej3vg455q30gn64x3hlk,\x033ab8f91936798bc3d307fc7660bf5832e56ad28b6ecfc2f994588ad2808bd13d,147074270
302,rv1qg49kl3my7vlxfevk97nc8vqpxhuhfvjea93agkfs6z2pkwtvncyqkgvnpv,\x022a5b7e3b2799f3272cb17d3c1d8009afcba592cf4b1ea2c98684a0d9cb64f040,147278715
303,rv1qgf5a2f43ge7zn4qcmmrygnscxk7xfnqedl8glxnk7zjuz9elzg22auywy5,\x02134ea9358a33e14ea0c6f6322270c1ade32660cb7e747cd3b7852e08b9f890a5,147302610
304,rv1qv0y4lata2x97qz60hd5fn0nm56mlyj7yv0vff8keqdmz4zdgrk0x86qhgc,\x031e4affabea8c5f005a7ddb44cdf3dd35bf925e231ec4a4f6c81bb1544d40ecf3,147486135
305,rv1qdj5njv4l0dmjs7dzuyd7qkx372spnq9ymfp59f63fjvk7zpvzmv62vp79r,\x036549c995fbdbb943cd1708df02c68f9500cc0526d21a153a8a64cb784160b6cd,148373437
306,rv1qfk9vhrzapxykvst6dk58y2pn3dj7xl44l8mklt69y7qcj86vad32rdxart,\x026c565c62e84c4b320bd36d4391419c5b2f1bf5afcfbb7d7a293c0c48fa675b15,152403732
331,rv1qv2lj2p7dq6nwlkv05cup652uwhm3rz24y4re2jgs7xzs4uspn8hkrc7yh8,\x0315f9283e6835377ecc7d31c0ea8ae3afb88c4aa92a3caa48878c2857900ccf7b,177833398
364,rv1q08y5l25vsxjp0cavz9gqc0zs00wwg8g63sv7mhvnn7w8022lm25wkp8k4k,\x03ce4a7d54640d20bf1d608a8061e283dee720e8d460cf6eec9cfce3bd4afed547,184464940
397,rv1q04agr8anekmy7zh5qyz43jpt50cl7vgdwxgadsh2lvtunxq0tk9ufjclh4,\x03ebd40cfd9e6db27857a0082ac6415d1f8ff9886b8c8eb61757d8be4cc07aec5e,191575688
430,rv1qwh7gp573289twupwrn06ny987nt7ga3r6njmcxnzhelmq7muvdgqg6k7ju,\x03afe4069e8a8e55bb8170e6fd4c853fa6bf23b11ea72de0d315f3fd83dbe31a80,201494066
463,rv1q0fhueplggg69ey8x2a7yz2lud9q9k0z3fmqktu6kswkf24rdpyfglsdysl,\x03d37e643f4211a2e48732bbe2095fe34a02d9e28a760b2f9ab41d64aaa3684894,207628673
496,rv1qfcd887dwn46kslwpneh2en9ww72a3cw4amdzqsme4zy6r479vpmuhh9avy,\x0270d39fcd74ebab43ee0cf375666573bcaec70eaf76d1021bcd444d0ebe2b03be,231097289
529,rv1qde5vrlr3edvlfjgq36trmapgunmeru7ax92znndmwa0jywv5mtcj69d0yg,\x0373460fe38e5acfa6480474b1efa14727bc8f9ee98aa14e6ddbbaf911cca6d789,233703917
562,rv1qwquqq0ycwcufykhvnryxchfenn6rm2y0drmcmy3lxw72s8py7h97w53gdx,\x0381c001e4c3b1c492d764c64362e9cce7a1ed447b47bc6c91f99de540e127ae5f,241977061
595,rv1qffld6f2qwjy9lazj4z885drza6qmucwtzp3vwkvmzck673yjy8x6vlu730,\x0253f6e92a03a442ffa2954473d1a317740df30e5883163accd8b16d7a24910e6d,260583014
596,rv1qwym3lgz0jxuuy92p5addq37kt6wv9twk279g06g5v73jhv6x4dggngx4kn,\x0389b8fd027c8dce10aa0d3ad6823eb2f4e6156eb2bc543f48a33d195d9a355a84,261216675
628,rv1q06j5cwmnm60ewzlzjyp5707e8fmmfsgg4qf8qz20xnds5jxyk006ay7gav,\x03f52a61db9ef4fcb85f14881a79fec9d3bda608454093804a79a6d85246259efd,266977316
661,rv1qvd3gl3eh4gec0q26lke050z0g7xexphrexqkwg8l926l0a2w7skg29urcg,\x031b147e39bd519c3c0ad7ed97d1e27a3c6c98371e4c0b3907f955afbfaa77a164,277892204
694,rv1qdwhtrsl84e7lc3qdyxmyfvffgk3hmr3f7f0wveqtcr8f3svsxj5zq9czkr,\x035d758e1f3d73efe220690db225894a2d1bec714f92f733205e0674c60c81a541,280991985
695,rv1qd42z77j6f57h9yfx0trjxkyp2m4l0txm5yrl5m9zfe3uv2gydzjchhyqvn,\x036aa17bd2d269eb948933d6391ac40ab75fbd66dd083fd36512731e314823452c,281533088
696,rv1qf2kwvgcrk9a800c83gp0q554en7aqr0f4c97yhn4qewwvwcgjecw79h7va,\x02556731181d8bd3bdf83c50178294ae67ee806f4d705f12f3a832e731d844b387,283001585
727,rv1qgjzlfkclu4gerspjpfjl8ymqqvmpv8g7cmeqt0j49c0gwt78kd7ytewl7k,\x02242fa6d8ff2a8c8e0190532f9c9b0019b0b0e8f637902df2a970f4397e3d9be2,294064091
728,rv1qtn3k45r2jhlav8uxagznsg5ggc64kvr8672aw8p5a28c3az5pr8vtdeszr,\x02e71b568354affeb0fc375029c1144231aad9833ebcaeb8e1a7547c47a2a04676,294747728
760,rv1qvh2924xsqzljplmw9ym8z5lmyp6p8kexsmvwq2xu0e82tvsjet25j4y3hy,\x032ea2aaa68005f907fb7149b38a9fd903a09ed93436c70146e3f2752d909656aa,297556717
761,rv1qwqlt850a3zln7t6ycqlyz0lv0eyzpcraynqnx2l4l55ymjngum2vr6gxtm,\x0381f59e8fec45f9f97a2601f209ff63f2410703e92609995fafe9426e534736a6,298222766
793,rv1qwlxa94llezr0p62dj922sa0snlt7yhszxz4nwcwftgtxawjjqefjxdr9e8,\x03be6e96bffe4437874a6c8aa543af84febf12f0118559bb0e4ad0b375d2903299,302386291
826,rv1qtyutcs2thaqa4dq2m95yllhuqmms75x2yena3huh6758pfdhjkrsrvqvu3,\x02c9c5e20a5dfa0ed5a056cb427ff7e037b87a8651333ec6fcbebd43852dbcac38,305267088
859,rv1qvdtttvdk4q4vtx4zh2h7752mg7ku9t9cpxk8ul4tw8qwtqztmuh5r9as40,\x031ab5ad8db541562cd515d57f7a8ada3d6e1565c04d63f3f55b8e072c025ef97a,326466944
892,rv1qd6wechfny0f6nnjeg9kcukvw4lmvlkycjepwvqak9kf9n4ekfxuw8js5l8,\x0374ece2e9991e9d4e72ca0b6c72cc757fb67ec4c4b217301db16c92ceb9b24dc7,329286982
893,rv1qvzuudz4zwk0r2pzxpu63ypzj8qzm6xfy3gxz6qeslcht3pwln69cewjdfp,\x0305ce345513acf1a8223079a8902291c02de8c9245061681987f175c42efcf45c,329502114
925,rv1qf0mpa0xpdske6cdlldgcakvtq9j9wkvdwdau09q5jrmv6y0xvnkw39m4p3,\x025fb0f5e60b616ceb0dffda8c76cc580b22bacc6b9bde3ca0a487b6688f332767,333411974
926,rv1q2agw3e4z7jr2wjp8kul5k6223eptalr4h267e89vatw3fw5jv28syag53x,\x02ba87473517a4353a413db9fa5b4a547215f7e3add5af64e56756e8a5d4931478,334439575
958,rv1q2zfzjnlyymnrjfhv2khevd3zqe56xm79us729svfzlq9j3wv7m4gge88rn,\x0284914a7f213731c93762ad7cb1b110334d1b7e2f21e5160c48be02ca2e67b754,335621446
