date,pageviews,total_subscribers,uniques_on_average
04.09.2023,"10,400","9,347",419
11.09.2023,"9,000","9,387",352
18.09.2023,,,
25.09.2023,,,
02.10.2023,,,
09.10.2023,,,
16.10.2023,,,
23.10.2023,,,
30.10.2023,,,
06.11.2023,"13,327","9,327",363
13.11.2023,"10,100","9,320",354
20.11.2023,"9,809","9,333",258
27.11.2023,"10,210","9,338",232
04.12.2023,"9,757","9,340",211
11.12.2023,"8,967","9,340",190
18.12.2023,"9,023","9,348",194
25.12.2023,"5,200","9,344",180
01.01.2024,"6,600","9,347",260
08.01.2024,,,
15.01.2024,,,